query,url1,url2
книги для расширения кругозора и вдохновения -cyberleninka -youtube -видео -pdf,https://www.mann-ivanov-ferber.ru/catalog/tag/sekretik-krug/,https://www.mann-ivanov-ferber.ru/dr-krugozor-2016/
топ 5-7 книг для саморазвития и поиска вдохновения -cyberleninka -youtube -видео -pdf,https://skills-akademy.ru/top-5-knig-dlya-samostoyatelnogo-obucheniya-skorochteniyu/,https://www.livelib.ru/author/29482/top-a-i-savenkov
сколько книг читать в год для саморазвития -cyberleninka -youtube -видео -pdf,https://sportzania.ru/about/publikatsii/chto-budet-esli-chitat-mnogo-knig/,https://blog.mann-ivanov-ferber.ru/2015/07/24/chitajte-bolshe-90-i-1-sposob/
как развить привычку читать и выбрать интересные книги -cyberleninka -youtube -видео -pdf,https://vk.com/@pokoleniye_m-privychka-chitat-chto-delat-esli-chitat-hochetsya-no-ne-hoch,https://blog.mann-ivanov-ferber.ru/2017/10/02/odna-privychka-v-nedelyu-chitajte-dlya-udovolstviya/
топ 5 упражнений для утренней зарядки видео -cyberleninka -youtube -видео -pdf,https://alphamed.by/utrennyaya-zaryadka-kak-pravilno-delat/,https://sberbankaktivno.ru/journal/article/2339
эффективная утренняя зарядка фото и описание -cyberleninka -youtube -видео -pdf,https://mpgu.su/novosti/jeffektivnaja-utrennjaja-zarjadka-glavnye-pravila-i-kompleks-uprazhnenij/,https://www.ozon.ru/club/article/10-luchshih-uprazhneniy-dlya-utrenney-zaryadki-kak-pridat-sebe-bodrost-7145/?__rr=1&abt_att=1&origin_referer=www.google.com
история успеха известного спортсмена -cyberleninka -youtube -видео -pdf,https://style.rbc.ru/impressions/602e4ec09a79478543ee5703,https://side-step.ru/adidas-velikaja-istorija-uspeha.html
как спортсмены преодолевают трудности и достигают вершины -cyberleninka -youtube -видео -pdf,https://indvigo.ru/dvizhenievradost/gennadiy-sokolov-est-tolko-odin-sposob-dostich-vershiny-terpet-i-preodolet/,https://xn----8sbalcgsi5aih6o.xn--p1ai/obraz-zhizni-349/33646-sekrety-motivatsii-ot-olimpiyskogo-chempiona-vperedi
как правильно обрезать плодовые деревья весной -cyberleninka -youtube -видео -pdf,https://aogarden.ru/articles/sad-i-ogorod/obrezka-plodovykh-derevev-vesnoy-skhemy-dlya-nachinayushchikh/,https://www.houzz.ru/statyi/azy-sadovoda-obrezka-derevyev-i-kustarnikov-stsetivw-vs~63052536
советы по весенней обрезке плодовых деревьев -cyberleninka -youtube -видео -pdf,https://aogarden.ru/articles/sad-i-ogorod/obrezka-plodovykh-derevev-vesnoy-skhemy-dlya-nachinayushchikh/,https://aristosad-crimea.ru/news/news2
Лучшие сорта томатов для Сибири открытого грунта -cyberleninka -youtube -видео -pdf,https://www.semena-sad.ru/blog/ogorod/top-10-tomatov-dlya-sibiri,https://yasna24.ru/nashi-sovety/sorta-pomidorov-dlya-vyrashchivaniya-v-teplitsakh-v-sibiri
Томаты для Сибири: описание сортов с ранним и поздним созреванием -cyberleninka -youtube -видео -pdf,https://yasna24.ru/nashi-sovety/sorta-pomidorov-dlya-vyrashchivaniya-v-teplitsakh-v-sibiri,https://agromarket.ru/blog/morozoustojchivye-sorta-i-gibridy-tomatov/
как искусственный интеллект изменит политику в будущем -cyberleninka -youtube -видео -pdf,https://iis.guu.ru/blog/kak-iskusstvenny-intellekt-izmenit-nashu-gizn/,https://legalacademy.ru/sphere/post/paradoks-pigmaliona-kakoe-buduschee-zhdet-iskusstvennyi-intellekt-v-sfere-prava
влияние AI на международные отношения: перспективы и риски -cyberleninka -youtube -видео -pdf,https://russiancouncil.ru/analytics-and-comments/comments/iskusstvennyy-intellekt-v-mezhdunarodnykh-otnosheniyakh-epokha-tsifrovoy-diplomatii/,https://russiancouncil.ru/projects/complitedresearch/ai/
Как молодые люди могут влиять на политику в России? -cyberleninka -youtube -видео -pdf,https://www.vedomosti.ru/society/articles/2020/04/29/829352-molodezhi-ravnodushni,https://www.vedomosti.ru/politics/articles/2017/07/11/718579-molodie-lyudi-ne-politikov
Возможности для молодежи в политической жизни страны: опрос -cyberleninka -youtube -видео -pdf,https://www.vedomosti.ru/society/articles/2020/04/29/829352-molodezhi-ravnodushni,https://tusp23.msp.midural.ru/news/vserossiyskiy-opros-ob-izmeneniyah-v-podrostkovo-molodejnoy-srede-molodej-sovremennoy-rossii-moy-vzglyad-na-riski-i-vozmojnosti-121510/
кейсы применения big data для оптимизации бизнес-процессов -cyberleninka -youtube -видео -pdf,https://habr.com/ru/companies/newprolab/articles/325550/,https://habr.com/ru/articles/353008/
как анализ больших данных повышает эффективность бизнеса -cyberleninka -youtube -видео -pdf,https://networking.camp/useful/advice/big-data,https://platrum.ru/blog/chto-takoe-analitika-bolshih-dannyh-i-kak-big-data-pomogaet-biznesu
тренды развития аналитики больших данных 2023 -cyberleninka -youtube -видео -pdf,https://blog.naumen.ru/data-analysis-2023/,https://expert-ural.com/articles/big-data-trendi-2023-goda.html
будущее аналитики данных: ключевые вызовы и возможности -cyberleninka -youtube -видео -pdf,https://www.vedomosti.ru/finance/characters/2024/07/15/1049899-magicheskoe-buduschee-dazhe-blizhe-chem-mi-vse-sebe-predstavlyaem,https://habr.com/ru/articles/801599/
Влияние социальных сетей на формирование общественного мнения: обсуждение -cyberleninka -youtube -видео -pdf,https://na-journal.ru/7-2023-sociologiya/6085-vliyanie-socialnyh-media-na-formirovanie-obshchestvennogo-mneniya-i-politicheskie-processy,https://fastfine.ru/readyworks/referaty/obshchestvovedenie/socialnye-seti-i-formirovanie-obshchestvennogo-mneniya
#ОбщественноеМнение #СоциальныеСети #Медиа -cyberleninka -youtube -видео -pdf,https://na-journal.ru/7-2023-sociologiya/6085-vliyanie-socialnyh-media-na-formirovanie-obshchestvennogo-mneniya-i-politicheskie-processy,https://fastercapital.com/ru/content/%D0%A4%D0%BE%D1%80%D0%BC%D0%B8%D1%80%D0%BE%D0%B2%D0%B0%D0%BD%D0%B8%D0%B5-%D0%BC%D0%BD%D0%B5%D0%BD%D0%B8%D0%B9--%D0%BA%D0%B0%D0%BA-%D1%81%D1%80%D0%B5%D0%B4%D1%81%D1%82%D0%B2%D0%B0-%D0%BC%D0%B0%D1%81%D1%81%D0%BE%D0%B2%D0%BE%D0%B9-%D0%B8%D0%BD%D1%84%D0%BE%D1%80%D0%BC%D0%B0%D1%86%D0%B8%D0%B8-%D0%B2%D0%BB%D0%B8%D1%8F%D1%8E%D1%82-%D0%BD%D0%B0-%D0%BE%D0%B1%D1%89%D0%B5%D1%81%D1%82%D0%B2%D0%B5%D0%BD%D0%BD%D0%BE%D0%B5-%D0%B2%D0%BE%D1%81%D0%BF%D1%80%D0%B8%D1%8F%D1%82%D0%B8%D0%B5.html
Тренды интернет-рекламы 2024-2025: прогнозы для маркетологов -cyberleninka -youtube -видео -pdf,https://vc.ru/future/1261639-biznes-trendy-tendencii-i-prognozy-dlya-biznesa-v-2024-2025-godah,https://vc.ru/marketing/913385-chto-budet-s-socsetyami-v-2024-2025-godah-trendy-i-prognoz
Как изменится интернет-реклама в ближайшие 5 лет? -cyberleninka -youtube -видео -pdf,https://medianation.ru/blog/issledovaniya/reklama-v-2024-godu-glavnye-trendy-i-vyzovy/,https://plus.rbc.ru/news/634049b37a8aa9bfe6ca952a
методы развития критического мышления с упражнениями #критическоемышление #аналитика #решения -cyberleninka -youtube -видео -pdf,https://practicum.yandex.ru/blog/priemy-razvitiya-kriticheskogo-myshleniya/,https://www.kp.ru/putevoditel/obrazovanie/kriticheskoe-myshlenie/
как улучшить навыки анализа информации и принятия решений #критическоемышление #аналитика #решения -cyberleninka -youtube -видео -pdf,https://sv-mos.ru/navyik-analiza-i-prinyatiya-obosnovannyix-reshenij.html,https://coursus.ru/blog/analiticheskoe-myshlenie-kak-razvit-kriticheskie-navyki-dlya-uspekha-v-biznes-analitike
Экологические проблемы современности: причины и решения -cyberleninka -youtube -видео -pdf,https://biosfera92.ru/poleznye-stati/problemy-ekologii-v-sovremennom-mire,https://eco-standart.com/blog/prichiny-i-vidy-globalnyh-jekologicheskih-problem/
Как каждый может внести вклад в сохранение окружающей среды #экология #охранаприроды #зеленоебудущее -cyberleninka -youtube -видео -pdf,https://loodusveeb.ee/ru/themes/temy/kak-vnesti-svoy-vklad-v-okhranu-prirody,https://rusarctica.ru/blog/idei-i-layfkhaki/kak-spasti-prirodu-8-shagov-kotorye-mozhet-sdelat-kazhdyy/
техники медитации для снятия стресса -cyberleninka -youtube -видео -pdf,https://www.psychologies.ru/wellbeing/snyat-stress-za-minutu-6-korotkih-meditatsiy/,https://tenchat.ru/media/1618739-tekhniki-meditatsii-dlya-snyatiya-stressa-i-povysheniya-kontsentratsii
преимущества медитации для начинающих -cyberleninka -youtube -видео -pdf,https://www.origins.ru/wellness-beauty-how-to/meditation-guide-for-beginners,https://www.sravni.ru/text/meditacziya/
практические советы по организации рабочего времени -cyberleninka -youtube -видео -pdf,https://klutch.app/ru/blog/6-simple-tips-for-better-time-management/,https://www.getcompass.ru/blog/posts/effektivnyy-taym-menedzhment
методы повышения продуктивности и организованности в повседневной жизни -cyberleninka -youtube -видео -pdf,https://sbercrm.com/blog/business/tpost/tkcjl9m9b1-kak-povisit-produktivnost-sotrudnikov,https://media.foxford.ru/articles/chto-takoe-produktivnost
советы по здоровому питанию для начинающих -cyberleninka -youtube -видео -pdf,https://toitumine.ee/ru/kak-pravilno-pitatsya/sovety-po-zdorovomu-pitaniyu,https://6gkb.by/informatsiya/polezno-znat/10-printsipov-zdorovogo-pitaniya
как составить рацион питания для похудения с помощью правильных продуктов -cyberleninka -youtube -видео -pdf,https://donsport.ru/blog/pravilnoe-pitanie-dlya-pokhudeniya/,https://letbefit.ru/blog/kak-sostavit-pravilnoe-pitanie/
методы развития творческих способностей -cyberleninka -youtube -видео -pdf,https://s-ba.ru/conf-posts-2020-03/tpost/i47ih439z1-metodi-i-formi-razvitiya-tvorcheskih-spo,https://monkeypark.ru/blog/5-sposobov-razvitiya-tvorchesk/
упражнения для повышения креативности -cyberleninka -youtube -видео -pdf,https://www.uplab.ru/blog/how-to-think-creatively/,https://donskih.ru/2015/10/razvivaem-kreativnost-5-uprazhnenij/
психология цвета в дизайне -cyberleninka -youtube -видео -pdf,https://practicum.yandex.ru/blog/cvet-v-dizajne-teoriya-cveta-osnovy-dlya-dizajnerov/,https://ux-journal.ru/teoriya-tsveta-dlya-dizajnerov-chast-1-znachenie-tsveta.html
влияние цвета на восприятие информации в маркетинге: исследования и рекомендации -cyberleninka -youtube -видео -pdf,https://timeweb.com/ru/community/articles/chto-takoe-teoriya-cveta-i-kak-ona-rabotaet-v-marketinge,https://habr.com/ru/companies/click/articles/738006/
как составить бюджет для начинающих -cyberleninka -youtube -видео -pdf,https://fintelligence.ru/blog/50-20-30_pravilo,https://finuslugi.ru/navigator/stat_kak_vesti_byudzhet_i_ne_sorvatsya
простые советы по инвестированию для молодых людей -cyberleninka -youtube -видео -pdf,https://www.banki.ru/news/daytheme/?id=10965996,https://edutoria.ru/blog/post/investicii-dlya-nachinayushchih-kak-nachat-investirovat-s-nulya
влияние музыки на настроение и работоспособность научные исследования -cyberleninka -youtube -видео -pdf,https://school48.edu.yar.ru/dopobraz/hudozhestvenno_minus_esteticheskoe_ot_44/vliyanie_muziki_na_cheloveka.html,https://indierockschool.ru/news/vliyanie-muzyki-na-cheloveka/
как музыка влияет на продуктивность и самочувствие #музыкадлямотивации #психологиязвука -cyberleninka -youtube -видео -pdf,https://habr.com/ru/articles/154795/,https://sbersova.ru/sections/lifestyle/so-slovami-i-bez-slov-kak-muzyka-vliyaet-na-produktivnost
методы развития эмоционального интеллекта -cyberleninka -youtube -видео -pdf,https://eqspb.ru/emocionalnyy-intellekt/razvitie-emotionalnogo-intellekta/,https://tboutique.ru/praktiki-razvitiya-emoczionalnogo-intellekta
упражнения для повышения эмоционального интеллекта -cyberleninka -youtube -видео -pdf,https://happymonday.ua/ru/emocionalnyj-intellekt-7-uprazhnenij-dlya-razvitiya,https://blog.mann-ivanov-ferber.ru/2023/02/23/6-uprazhnenij-dlya-razvitiya-emocionalnogo-intellekta/
влияние социальных сетей на психическое здоровье -cyberleninka -youtube -видео -pdf,https://holdyou.net/ru/news/sotsialnykh-merezh,https://grindeks.com/ru/health_posts/%D0%BA%D0%B0%D0%BA-%D1%81%D0%BE%D1%86%D0%B8%D0%B0%D0%BB%D1%8C%D0%BD%D1%8B%D0%B5-%D1%81%D0%B5%D1%82%D0%B8-%D0%B2%D0%BB%D0%B8%D1%8F%D1%8E%D1%82-%D0%BD%D0%B0-%D0%BF%D1%81%D0%B8%D1%85%D0%B8%D1%87%D0%B5/
как соцсети влияют на настроение и самооценку? -cyberleninka -youtube -видео -pdf,https://cuprum.media/lifestyle/social-media-problems,https://vc.ru/social/489783-kak-socialnye-seti-vliyayut-na-mentalnoe-zdorove
как бороться с эмоциональным выгоранием -cyberleninka -youtube -видео -pdf,https://krd.neirology.com/programs/emocionalnoe-vygoranie,https://vygoranie.com/sindrom-jemocionalnogo-i-professionalnogo-vygoranija/
признаки и методы борьбы с выгоранием у взрослых -cyberleninka -youtube -видео -pdf,https://crocotime.com/ru/vygoranie-na-rabote-priznaki-metody-borby/,https://anywhere.epam.com/ru/blog/non-obvious-stages-of-burnout-you-might-be-ignoring
как спорт влияет на работу мозга -cyberleninka -youtube -видео -pdf,https://www.techinsider.ru/editorial/751373-kak-sport-vliyaet-na-nash-mozg/,https://www.pravilamag.ru/life-style/701849-o-sport-ty-mozg-kak-fizicheskaya-aktivnost-vliyaet-na-kognitivnye-funkcii/
какие виды спорта полезны для памяти и концентрации -cyberleninka -youtube -видео -pdf,https://www.sportmaster.ru/media/articles/kakie-vidy-sporta-polezny-dlya-mozga/,https://www.pravilamag.ru/life-style/701849-o-sport-ty-mozg-kak-fizicheskaya-aktivnost-vliyaet-na-kognitivnye-funkcii/
Как развить эмпатию для лучшего общения? -cyberleninka -youtube -видео -pdf,https://www.psychologies.ru/articles/14-sposobov-razvit-empatiyu/,https://exponentialcoachingacademy.com/blog/kak-ispolzovat-empatiyu-i-kommunikaciyu-dlya-dostizheniya-celej
Практические упражнения для повышения эмпатии -cyberleninka -youtube -видео -pdf,https://alpinabook.ru/blog/kak-razvit-v-sebe-empatiyu/,https://hr-portal.ru/article/10-uprazhneniy-dlya-razvitiya-empatii
научные исследования влияние музыки на память -cyberleninka -youtube -видео -pdf,https://indierockschool.ru/news/vliyanie-muzyki-na-cheloveka/,https://style.rbc.ru/health/5c6fb5d59a794705784689c3
лучшая музыка для запоминания информации -cyberleninka -youtube -видео -pdf,https://calmradio.com/ru/zenlife/4749-classical-music-for-study-and-focus,https://music.apple.com/ru/album/%D1%81%D1%82%D0%B8%D0%BC%D1%83%D0%BB%D1%8F%D1%86%D0%B8%D1%8F-%D0%BC%D0%BE%D0%B7%D0%B3%D0%B0-%D0%BC%D1%83%D0%B7%D1%8B%D0%BA%D0%B0-%D0%B4%D0%BB%D1%8F-%D0%BA%D0%BE%D0%BD%D1%86%D0%B5%D0%BD%D1%82%D1%80%D0%B0%D1%86%D0%B8%D0%B8-%D1%80%D0%B0%D0%B7%D0%B2%D0%B8%D1%82%D0%B8%D0%B5-%D0%BF%D0%B0%D0%BC%D1%8F%D1%82%D0%B8/1342782535
как построить гармоничные отношения -cyberleninka -youtube -видео -pdf,https://www.psychologies.ru/articles/tri-glavnykh-usloviya-dlya-sozdaniya-garmonichnykh-otnoshenii/,https://www.grazia.ru/lifestyle/sovetuet-psiholog-4-vazhnyh-shaga-kotorye-pomogut-obresti-schastlivye-otnosheniya-s-muzhchinoy/
советы для укрепления отношений -cyberleninka -youtube -видео -pdf,https://www.psychologies.ru/articles/10-sposobov-sohranit-i-ukrepit-otnosheniya/,https://networking.camp/useful/metody-ukreplenij-vzaimootnoshenij
как стресс влияет на организм -cyberleninka -youtube -видео -pdf,https://bsmp.medgis.ru/stress,https://mcmedline.ru/stress-i-ego-vliyanie-na-organizm-zabottes-o-svoem-psixicheskom-i-fizicheskom-zdorove/
симптомы стресса и способы борьбы с ним -cyberleninka -youtube -видео -pdf,https://25gdp.by/novosti/stati/791-stress-i-sposoby-ego-preodoleniya,https://santerramed.ru/napravleniya/psikhologiya/zabolevaniya/ctress.html
методы развития креативности -cyberleninka -youtube -видео -pdf,https://www.insales.ru/blogs/university/kak-pridumyvat-nestandartnye-biznes-idei,https://www.uplab.ru/blog/how-to-think-creatively/
упражнения для повышения креативного мышления -cyberleninka -youtube -видео -pdf,https://www.uplab.ru/blog/how-to-think-creatively/,https://www.marieclaire.ru/psychology/effektivnyie-uprajneniya-dlya-tvorcheskogo-myishleniya/
как технологии меняют образование -cyberleninka -youtube -видео -pdf,https://rg.ru/2023/02/20/kak-tehnologii-meniaiut-universitetskoe-obrazovanie.html,https://kz.kursiv.media/opinions/kak-tekhnologii-menyayut-sistemu-obrazovaniya/
положительное и отрицательное влияние цифровых технологий на образование -cyberleninka -youtube -видео -pdf,https://nou-stupeni.ru/opinion/polozhitelnyie-i-otritsatelnyie-storonyi-ispolzovaniya-ikt-v-shkole/,https://sn.ria.ru/20210920/tsifrovizatsiya-1750932665.html
как бороться с тревогой и стрессом: визуальные методы -cyberleninka -youtube -видео -pdf,https://medsi.ru/articles/kak-spravitsya-s-trevogoy-i-bespokoystvom/,https://25gdp.by/novosti/stati/791-stress-i-sposoby-ego-preodoleniya
практические советы по снижению тревожности и управлению стрессом с иллюстрациями -cyberleninka -youtube -видео -pdf,https://www.mos.ru/news/item/72745073/,https://25gdp.by/novosti/stati/791-stress-i-sposoby-ego-preodoleniya
как искусство влияет на эмоции -cyberleninka -youtube -видео -pdf,https://scilead.ru/article/5134-vliyanie-izobrazitelnogo-iskusstva-na-emotsio,https://www.gazeta.ru/science/news/2023/03/29/20083771.shtml
психологическое воздействие произведений искусства -cyberleninka -youtube -видео -pdf,http://rl-online.ru/articles/3-03/176.html,https://pedlib.ru/Books/1/0472/1_0472-8.shtml
методы развития лидерских качеств -cyberleninka -youtube -видео -pdf,https://www.wrike.com/ru/blog/devyat-sposobov-razvit-v-sebe-liderskie-kachestva/,https://coursus.ru/blog/kak-razvivat-liderskie-kachestva-v-komande-luchshie-praktiki-i-metody
как развить лидерские качества для успешной карьеры -cyberleninka -youtube -видео -pdf,https://www.wrike.com/ru/blog/devyat-sposobov-razvit-v-sebe-liderskie-kachestva/,https://eleks.ru/proforientacija-i-karernoe-razvitie/razvitie-navykov-liderstva-sekrety-uspeshnoj-karery/
питание для улучшения памяти и концентрации -cyberleninka -youtube -видео -pdf,https://sojmarket.ru/blog/pravilnoe-pitanie/pitanie-dlya-uluchsheniya-kontsentratsii-i-pamyati/,https://www.techinsider.ru/science/1540644-samye-poleznye-produkty-dlya-mozga-kotorye-uluchshat-pamyat-i-myshlenie/
как правильно питаться для поддержания когнитивных функций -cyberleninka -youtube -видео -pdf,https://sojmarket.ru/blog/pravilnoe-pitanie/pitanie-dlya-uluchsheniya-kontsentratsii-i-pamyati/,https://vkusvill.ru/media/journal/chto-est-chtoby-stat-umnee-i-byvayut-li-produkty-dlya-mozga.html
практические советы по созданию эффективной команды -cyberleninka -youtube -видео -pdf,https://www.your-mentor.ru/management/55-kak-sozdat-uspeshnuyu-komandu-prakticheskie-sovety,https://advertisingforum.ru/blog/kak-sozdat-uspeshnuyu-komandu/
как мотивировать команду к достижению целей -cyberleninka -youtube -видео -pdf,https://vc.ru/flood/42747-kak-motivirovat-komandu-na-dostizhenie-celei,https://upinc.ru/blog/stati/kak-motivirovat-komandu-na-rabotu/
влияние загрязнения воздуха на здоровье -cyberleninka -youtube -видео -pdf,https://www.who.int/ru/news-room/fact-sheets/detail/ambient-(outdoor)-air-quality-and-health,https://plus-one.ru/manual/2021/12/09/zagryaznenie-vozdushnoy-sredy-i-ego-vliyanie-na-zdorove-cheloveka
как окружающая среда влияет на психическое здоровье -cyberleninka -youtube -видео -pdf,https://shilovo-med.medgis.ru/materials/view/vliyanie-okruzhayushej-sredy-na-zdorove-cheloveka-2767,https://www.b17.ru/blog/379997/
методы развития навыков общения -cyberleninka -youtube -видео -pdf,https://myresume.ru/blog/kak-razvit-kommunikativnye-navyki/,https://ast-academy.ru/blog/razvitie_kommunikativnyh_navykov/
как улучшить коммуникативные навыки -cyberleninka -youtube -видео -pdf,https://rb.ru/story/improve-social/,http://uszn-bor.ru/pamyatki/razvit-naviki-obsheniya/
как путешествия меняют человека -cyberleninka -youtube -видео -pdf,https://bytur.by/blogs/kak-puteshestvie-menjaet-cheloveka/,https://inform-ua.info/travel/1593681959-puteshestvyya-menyayut-lyudey-v-luchshuyu-storonu-y-pomogayut-nayty-sebya
влияние путешествий на личность и саморазвитие -cyberleninka -youtube -видео -pdf,https://welcometimes.ru/opinions/puteshestviya-kak-razvitie-lichnosti-pochemu-nuzhno-vyezzhat-iz-goroda,https://www.b17.ru/article/464790/
практические методы развития самодисциплины -cyberleninka -youtube -видео -pdf,https://sportzania.ru/about/publikatsii/kak-nauchit-rebenka-samodistsipline/,https://kedu.ru/press-center/articles/info-kak-razvit-i-ukrepit-samodistsiplinu-i-silu-voli-tekhniki-i-samokontrol/
советы по повышению самодисциплины для достижения целей -cyberleninka -youtube -видео -pdf,https://www.leadertask.ru/blog/samodisciplina,https://studently.ru/blog/studentam-i-shkolnikam/kak-zastavit-sebya-uchitsya-10-sekretov-samodiscipliny
Книги для расширения кругозора и поиска вдохновения -cyberleninka -youtube -видео -pdf,https://happymonday.ua/ru/3-knigi-dlja-razvitija-krugozora,https://www.ozon.ru/club/article/bystree-vyshe-silnee-reyiting-knig-po-motivatsii-16304725/
Литература для саморазвития и поиска вдохновения -cyberleninka -youtube -видео -pdf,https://makeright.ru/blog/7-best-books-for-inspiration-and-self-development/,https://www.litres.ru/journal/top-40-luchshikh-vdokhnovliaiushchikh-i-motivatsionnykh-knig/
книжный дневник для саморазвития -cyberleninka -youtube -видео -pdf,https://www.ozon.ru/category/knizhnyy-dnevnik/,https://blog.mann-ivanov-ferber.ru/2020/04/03/vremya-dlya-sebya-6-dnevnikov-kotorye-mozhno-zavesti-pryamo-sejchas/
"количество книг, которые нужно читать в год для интеллектуального роста -cyberleninka -youtube -видео -pdf",https://sportzania.ru/about/publikatsii/chto-budet-esli-chitat-mnogo-knig/,https://worldsamo.com/blog/book
Упражнения для утренней зарядки: видео -cyberleninka -youtube -видео -pdf,https://www.facebook.com/etvpluss/videos/%D0%BA%D0%BE%D0%BE%D1%80%D0%B4%D0%B8%D0%BD%D0%B0%D1%86%D0%B8%D0%BE%D0%BD%D0%BD%D0%B0%D1%8F-%D0%BB%D0%B5%D1%81%D0%B5%D0%BD%D0%BA%D0%B0-%D0%BD%D0%B5%D0%BE%D0%B1%D1%8B%D1%87%D0%BD%D0%B0%D1%8F-%D1%83%D1%82%D1%80%D0%B5%D0%BD%D0%BD%D1%8F%D1%8F-%D0%B7%D0%B0%D1%80%D1%8F%D0%B4%D0%BA%D0%B0/293387715792465/,https://m.facebook.com/sportmastermd/videos/%D0%BD%D0%B0%D1%87%D0%B8%D0%BD%D0%B0%D0%B9%D1%82%D0%B5-%D1%81%D0%B2%D0%BE%D0%B9-%D0%B4%D0%B5%D0%BD%D1%8C-%D1%81-%D1%8D%D0%BD%D0%B5%D1%80%D0%B3%D0%B5%D1%82%D0%B8%D1%87%D0%B5%D1%81%D0%BA%D0%BE%D0%B3%D0%BE-%D0%B7%D0%B0%D1%80%D1%8F%D0%B4%D0%B0-%D0%B3%D0%BE%D0%B2%D0%BE%D1%80%D1%8F-%D0%BE-%D0%BF%D0%BE%D0%BB%D1%8C%D0%B7%D0%B5-%D0%B0-%D0%B2%D1%8B-%D0%B7%D0%BD%D0%B0%D0%B5%D1%82%D0%B5-%D1%87%D0%B5%D0%BC-%D0%BF%D0%BE%D0%BB/1361907527980564/
Топ-5 упражнений для утренней зарядки с фото -cyberleninka -youtube -видео -pdf,https://www.ozon.ru/club/article/10-luchshih-uprazhneniy-dlya-utrenney-zaryadki-kak-pridat-sebe-bodrost-7145/,https://old.oblgazeta.ru/sport/88133/
Как преодолевать трудности в спорте: история успеха известного спортсмена -cyberleninka -youtube -видео -pdf,https://olympics.com/athlete365/ru/whitepaper/%D0%B6%D0%B8%D0%B7%D0%BD%D1%8C-%D0%BF%D0%BE%D1%81%D0%BB%D0%B5-%D1%81%D0%BF%D0%BE%D1%80%D1%82%D0%B0-%D0%BF%D0%BE%D1%87%D0%B5%D0%BC%D1%83-%D1%81%D0%BF%D0%BE%D1%80%D1%82%D1%81%D0%BC%D0%B5%D0%BD%D0%B0/,https://www.vedomosti.ru/gorod/leisuretime/columns/rezistentnost-k-neudacham-kak-sportsmenam-perezhit-travlyu-posle-porazhenii
Уроки мотивации из истории успешных спортсменов: как преодолеть препятствия и достичь вершины -cyberleninka -youtube -видео -pdf,https://fastercapital.com/ru/content/%D0%92%D0%B4%D0%BE%D1%85%D0%BD%D0%BE%D0%B2%D0%BB%D1%8F%D1%8E%D1%89%D0%B5%D0%B5-%D0%BF%D1%83%D1%82%D0%B5%D1%88%D0%B5%D1%81%D1%82%D0%B2%D0%B8%D0%B5--%D0%92%D0%B4%D0%BE%D1%85%D0%BD%D0%BE%D0%B2%D0%B5%D0%BD%D0%B8%D0%B5-%D0%BD%D0%B0-%D0%B4%D0%B2%D0%BE%D0%B9%D0%BD%D0%BE%D0%B5-%D0%B7%D0%BE%D0%BB%D0%BE%D1%82%D0%BE--%D0%BF%D1%83%D1%82%D0%B5%D1%88%D0%B5%D1%81%D1%82%D0%B2%D0%B8%D0%B5-%D0%BA-%D1%81%D0%BB%D0%B0%D0%B2%D0%B5.html,https://souor.siteedu.ru/media/sub/1814/documents/psihologiya-sporta-posobie.doc
Как правильно обрезать плодовые деревья весной -cyberleninka -youtube -видео -pdf,https://aogarden.ru/articles/sad-i-ogorod/obrezka-plodovykh-derevev-vesnoy-skhemy-dlya-nachinayushchikh/,https://www.houzz.ru/statyi/azy-sadovoda-obrezka-derevyev-i-kustarnikov-stsetivw-vs~63052536
Советы по обрезке плодовых деревьев весной для садоводов -cyberleninka -youtube -видео -pdf,https://aogarden.ru/articles/sad-i-ogorod/obrezka-plodovykh-derevev-vesnoy-skhemy-dlya-nachinayushchikh/,https://www.houzz.ru/statyi/azy-sadovoda-obrezka-derevyev-i-kustarnikov-stsetivw-vs~63052536
Лучшие сорта томатов для открытого грунта в Сибири -cyberleninka -youtube -видео -pdf,https://www.semena-sad.ru/blog/ogorod/top-10-tomatov-dlya-sibiri,https://yasna24.ru/nashi-sovety/sorta-pomidorov-dlya-vyrashchivaniya-v-teplitsakh-v-sibiri
Сорта томатов для выращивания на открытом грунте в Сибири -cyberleninka -youtube -видео -pdf,https://www.semena-sad.ru/blog/ogorod/top-10-tomatov-dlya-sibiri,https://yasna24.ru/nashi-sovety/sorta-pomidorov-dlya-vyrashchivaniya-v-teplitsakh-v-sibiri
Искусственный интеллект и мировая политика -cyberleninka -youtube -видео -pdf,https://politicalscience.rsuh.ru/jour/article/view/355,https://www.wipo.int/about-ip/ru/artificial_intelligence/policy.html
Влияние технологий на международные отношения -cyberleninka -youtube -видео -pdf,https://www.hse.ru/edu/courses/292658813,https://russiancouncil.ru/blogs/a-volkov/politika-i-tekhnologii-simbioz-mnogovekovykh-osnov-i-sovremennykh-resh/
Роль молодежи в политической жизни страны: возможности и перспективы -cyberleninka -youtube -видео -pdf,https://na-journal.ru/2-2012-gumanitarnye-nauki/66-uchastie-molodezhi-v-politike,http://ombudsman.kaluga.ru/library/?content=item&item=195
"Молодые люди 18-30 лет: участие в политических процессах, интерактивные форматы -cyberleninka -youtube -видео -pdf",https://nbpublish.com/library_get_pdf.php?id=22017,https://vk.com/@youthlibcis-molodezhnye-poslanniki-celei-ustoichivogo-razvitiya-cur-na-p
Как использовать анализ больших данных для улучшения бизнес-процессов? -cyberleninka -youtube -видео -pdf,https://wezom.com.ua/blog/kak-pravilnoe-ispolzovanie-big-data-uluchshaet-effektivnost-biznesa,https://networking.camp/useful/advice/big-data
Применение анализа больших данных для оптимизации бизнес-операций: успешные кейсы и стратегии -cyberleninka -youtube -видео -pdf,https://networking.camp/useful/advice/big-data,https://wezom.com.ua/blog/kak-pravilnoe-ispolzovanie-big-data-uluchshaet-effektivnost-biznesa
Аналитика больших данных: перспективы развития -cyberleninka -youtube -видео -pdf,https://sky.pro/media/budushhee-big-data-trendy-i-perspektivy-razvitiya/,https://habr.com/ru/companies/vk/articles/449370/
Тенденции в области аналитики данных -cyberleninka -youtube -видео -pdf,https://nfp2b.ru/2023/07/27/top-6-trendov-v-analize-dannyh-2023/,https://habr.com/ru/companies/usetech/articles/788950/
Как влияют социальные сети на формирование общественного мнения? -cyberleninka -youtube -видео -pdf,https://na-journal.ru/7-2023-sociologiya/6085-vliyanie-socialnyh-media-na-formirovanie-obshchestvennogo-mneniya-i-politicheskie-processy,https://fastfine.ru/readyworks/referaty/obshchestvovedenie/socialnye-seti-i-formirovanie-obshchestvennogo-mneniya
Влияние социальных сетей на формирование общественного мнения: как это работает? -cyberleninka -youtube -видео -pdf,https://na-journal.ru/7-2023-sociologiya/6085-vliyanie-socialnyh-media-na-formirovanie-obshchestvennogo-mneniya-i-politicheskie-processy,https://fastfine.ru/readyworks/referaty/obshchestvovedenie/socialnye-seti-i-formirovanie-obshchestvennogo-mneniya
Тренды и прогнозы в интернет-рекламе -cyberleninka -youtube -видео -pdf,https://www.sostav.ru/blogs/267814/38228,https://medianation.ru/blog/issledovaniya/reklama-v-2024-godu-glavnye-trendy-i-vyzovy/
Как развивается интернет-реклама в ближайшем будущем -cyberleninka -youtube -видео -pdf,https://plus.rbc.ru/news/634049b37a8aa9bfe6ca952a,https://skillbox.ru/media/marketing/kak-ii-ispolzuyut-v-programmatikreklame-seychas-i-chego-zhdat-ot-nego-v-budushchem/
Методы развития критического мышления для анализа информации и принятия решений -cyberleninka -youtube -видео -pdf,https://lala.lanbook.com/priemy-dlya-razvitiya-kriticheskogo-myshleniya,https://study.tenderguru.ru/obuchenie/tehnologii-kriticheskogo-myshleniya
#критическоемышление #аналитика #решения: упражнения для улучшения навыков -cyberleninka -youtube -видео -pdf,https://vk.com/wall-108862896_13914,https://rsv.ru/education/course/2/3096/
Экологические проблемы современного мира: причины и решения -cyberleninka -youtube -видео -pdf,https://biosfera92.ru/poleznye-stati/problemy-ekologii-v-sovremennom-mire,https://eco-standart.com/blog/prichiny-i-vidy-globalnyh-jekologicheskih-problem/
#экология #охранаприроды #зеленоебудущее: как мы можем помочь сохранить нашу планету -cyberleninka -youtube -видео -pdf,https://rusarctica.ru/blog/idei-i-layfkhaki/kak-spasti-prirodu-8-shagov-kotorye-mozhet-sdelat-kazhdyy/,https://64.vtorproekt.com/article/okruzhayushchaya-sreda-kak-sokhranit-ee-v-sushchestvuyushchikh-usloviyakh.html
Техники медитации для снижения стресса -cyberleninka -youtube -видео -pdf,https://www.psychologies.ru/wellbeing/snyat-stress-za-minutu-6-korotkih-meditatsiy/,https://lumos-center.ru/articles/vse-stati/meditatsiya-kak-sposob-snizheniya-urovnya-stressa/
Преимущества практики медитации для улучшения психического здоровья -cyberleninka -youtube -видео -pdf,https://style.rbc.ru/health/5b5f1af99a7947df85ae9692,https://www.sokpb.ru/osobennosti-i-preimushhestva-meditaczii/
Как повысить продуктивность и организованность в работе? -cyberleninka -youtube -видео -pdf,https://crocotime.com/ru/kak-povysit-produktivnost-raboty-sotrudnikov/,https://бризекс.рф/blog/povyshenie-produktivnosti-nauchnye-metody-i-ehffektivnye-ustrojstva
Советы по эффективному планированию времени и пространства для улучшения продуктивности -cyberleninka -youtube -видео -pdf,https://www-getcompass-ru.webpkgcache.com/doc/-/s/www.getcompass.ru/blog/posts/effektivnyy-taym-menedzhment,https://www.unicraft.org/blog/12725/time-management/
Советы по здоровому питанию для начинающих -cyberleninka -youtube -видео -pdf,https://toitumine.ee/ru/kak-pravilno-pitatsya/sovety-po-zdorovomu-pitaniyu,https://6gkb.by/informatsiya/polezno-znat/10-printsipov-zdorovogo-pitaniya
#здоровое питание #здоровье: как составить рацион -cyberleninka -youtube -видео -pdf,https://ru.pinterest.com/ideas/%D1%80%D0%B5%D1%86%D0%B5%D0%BF%D1%82%D1%8B-%D0%B7%D0%B4%D0%BE%D1%80%D0%BE%D0%B2%D0%BE%D0%B3%D0%BE-%D0%BF%D0%B8%D1%82%D0%B0%D0%BD%D0%B8%D1%8F/898079513711/,https://forpostsevastopol.ru/health/vrach-rasskazala-kak-sdelat-osennij-racion-maksimalno-poleznym/
Методы и упражнения для развития творческих способностей -cyberleninka -youtube -видео -pdf,https://www.eduneo.ru/5-uprazhnenij-dlya-razvitiya-tvorcheskogo-myshleniya/,https://www.kp.ru/edu/doshkolnoe-obrazovanie/razvitie-tvorcheskikh-sposobnostej-u-detej/
Как развить свой творческий потенциал с помощью хэштегг #творчество #развитие #творческийпотенциал -cyberleninka -youtube -видео -pdf,,
Как цвет влияет на восприятие информации -cyberleninka -youtube -видео -pdf,https://www.lensmaster.ru/articles/kak-tsveta-vliyaut-na-vospriyatie-cheloveka.html,https://rb.asu.ru/content/article/11653
Использование цвета в дизайне: исследования и рекомендации -cyberleninka -youtube -видео -pdf,https://practicum.yandex.ru/blog/cvet-v-dizajne-teoriya-cveta-osnovy-dlya-dizajnerov/,https://habr.com/ru/companies/ruvds/articles/553582/
Как составить бюджет для личных финансов? -cyberleninka -youtube -видео -pdf,https://www.vtb.ru/articles/kak-vesti-lichnyy-byudzhet/,https://rencredit.ru/blog/finances/lichnyy-byudzhet-chto-eto-takoe-i-kak-pravilno-ego-vesti/
Как начать инвестировать и накапливать сбережения? -cyberleninka -youtube -видео -pdf,https://www.banki.ru/investment/investment_education/?id=10945913,https://моифинансы.рф/article/mozhno-li-investirovat-s-malenkoj-summoj-i-kak-eto-sdelat/
Как влияет музыка на настроение и работоспособность? -cyberleninka -youtube -видео -pdf,https://www.ural56.ru/news/630775/,https://habr.com/ru/articles/154795/
Рекомендации по выбору музыки для улучшения саморазвития и качества жизни -cyberleninka -youtube -видео -pdf,https://mbdou74.ru/muzyka-i-eyo-vliyanie-na-razvitie-detey,http://gdmshkola.ru/index.php/roditelyam/sovetuem-prochitat/muzyka-i-zdorove-cheloveka
Как развивать эмоциональный интеллект? -cyberleninka -youtube -видео -pdf,https://eqspb.ru/emocionalnyy-intellekt/razvitie-emotionalnogo-intellekta/,https://ria.ru/20240712/intellekt-1917284371.html
Методы и упражнения для улучшения эмоционального интеллекта -cyberleninka -youtube -видео -pdf,https://blog.mann-ivanov-ferber.ru/2023/02/23/6-uprazhnenij-dlya-razvitiya-emocionalnogo-intellekta/,https://happymonday.ua/ru/emocionalnyj-intellekt-7-uprazhnenij-dlya-razvitiya
Влияние социальных сетей на психическое здоровье -cyberleninka -youtube -видео -pdf,https://holdyou.net/ru/news/sotsialnykh-merezh,https://grindeks.com/ru/health_posts/%D0%BA%D0%B0%D0%BA-%D1%81%D0%BE%D1%86%D0%B8%D0%B0%D0%BB%D1%8C%D0%BD%D1%8B%D0%B5-%D1%81%D0%B5%D1%82%D0%B8-%D0%B2%D0%BB%D0%B8%D1%8F%D1%8E%D1%82-%D0%BD%D0%B0-%D0%BF%D1%81%D0%B8%D1%85%D0%B8%D1%87%D0%B5/
Как социальные сети влияют на психическое здоровье -cyberleninka -youtube -видео -pdf,https://vc.ru/social/489783-kak-socialnye-seti-vliyayut-na-mentalnoe-zdorove,https://holdyou.net/ru/news/sotsialnykh-merezh
Способы борьбы с эмоциональным выгоранием -cyberleninka -youtube -видео -pdf,https://dszn.ru/press-center/smi/1130,https://www.psychologies.ru/articles/7-deystvennyih-sposobov-borbyi-s-vyigoraniem/
Методы управления стрессом на работе -cyberleninka -youtube -видео -pdf,https://www.medkirov.ru/site/LSPB10EA4,https://www.mirapolis.ru/blog/kak-pomoch-sotrudnikam-spravitsya-so-stressom/
Какие виды спорта улучшают работу мозга? -cyberleninka -youtube -видео -pdf,https://www.sportmaster.ru/media/articles/kakie-vidy-sporta-polezny-dlya-mozga/,https://abakan.ru/index.php/chto-proiskhodit/kul-tura/item/12906-kakie-vidy-sporta-polezny-dlya-mozga
Влияет ли регулярное участие в спорте на улучшение памяти и концентрации? -cyberleninka -youtube -видео -pdf,https://mo-okkervil.ru/deyatelnost/napravleniya-deyatelnosti/razvitie-fizicheskoy-kultury-i-massovogo-sporta/vliyanie-fizicheskoy-kultury-i-sporta-na-umstvennuyu-deyatelnost-cheloveka-_7078,https://www.techinsider.ru/editorial/751373-kak-sport-vliyaet-na-nash-mozg/
Как развивать эмпатию для лучшего общения -cyberleninka -youtube -видео -pdf,https://www.psychologies.ru/articles/14-sposobov-razvit-empatiyu/,https://style.rbc.ru/health/5f8dc8439a7947bb36bf1109
Практические советы по развитию эмпатии -cyberleninka -youtube -видео -pdf,https://www.psychologies.ru/articles/14-sposobov-razvit-empatiyu/,https://fact-news.com.ua/ru/psihologicheskie-aspekty-formirovaniya-empatii-klyuchevye-momenty-i-prakticheskie-sovety/
Как музыка влияет на память и как она может улучшить когнитивные функции? -cyberleninka -youtube -видео -pdf,https://indierockschool.ru/news/vliyanie-muzyki-na-cheloveka/,https://www.audiomania.ru/content/kak-muzika-vliyaet-na-intellekt-populyarnie-mifi-i-nauchnie-gipotezi/
"Существуют ли научные исследования о том, как музыка влияет на память человека? -cyberleninka -youtube -видео -pdf",https://indierockschool.ru/news/vliyanie-muzyki-na-cheloveka/,https://style.rbc.ru/health/5c6fb5d59a794705784689c3
Советы для укрепления гармоничных отношений -cyberleninka -youtube -видео -pdf,https://sredaobuchenia.ru/media/10-shagov-k-schastlivim-otnosheniyam,https://gelpol.ru/patients/medprof/164-printsipy-garmonichnykh-semejnykh-otnoshenij
Как создать здоровые и крепкие отношения -cyberleninka -youtube -видео -pdf,https://ast-academy.ru/blog/kak_postroit_krepkij_i_scastlivyj_souz/,https://www.psychologies.ru/articles/9-pravil-zdorovyih-otnosheniy/
Как стресс влияет на организм человека -cyberleninka -youtube -видео -pdf,https://bsmp.medgis.ru/stress,https://mcmedline.ru/stress-i-ego-vliyanie-na-organizm-zabottes-o-svoem-psixicheskom-i-fizicheskom-zdorove/
Влияние стресса на физическое и психическое здоровье -cyberleninka -youtube -видео -pdf,https://mcmedline.ru/stress-i-ego-vliyanie-na-organizm-zabottes-o-svoem-psixicheskom-i-fizicheskom-zdorove/,https://bsmp.medgis.ru/stress
Методы развития креативности -cyberleninka -youtube -видео -pdf,https://www.insales.ru/blogs/university/kak-pridumyvat-nestandartnye-biznes-idei,https://www.uplab.ru/blog/how-to-think-creatively/
Упражнения для мыслительного процесса -cyberleninka -youtube -видео -pdf,https://cppmsp59.ru/articles/teens/7-uprazhneniy-dlya-razvitiya-pozitivnogo-myshleniya/,https://rsv.ru/blog/top-3-uprazhnenij-dlya-razvitiya-prostranstvennogo-myshleniya/
Какие технологии используются для улучшения качества образования? -cyberleninka -youtube -видео -pdf,https://kp-muk1.edu.yar.ru/metodicheskie_rekomendatsii/sovremennie_pedagogicheskie_tehnologii.html,https://www.informio.ru/publications/id6907/Sovremennye-tehnologii-obuchenija-kak-sredstvo-povyshenija-kachestva-obrazovanija
Влияет ли использование технологий на доступность образования? -cyberleninka -youtube -видео -pdf,https://rostbk.com/o-kompanii/stati/novye-tehnologii-v-sisteme-obrazovaniya/,https://школа-22.рф/tehnologii-v-obuchenii/vlijanie-tehnologij-na-sovremennoe-obrazovanie-ot-shkoly-do-magistratury/
Методы борьбы с тревогой и стрессом для людей всех возрастов -cyberleninka -youtube -видео -pdf,https://garmonia-clinica.ru/poleznaya-informatsiya/stati/stress-trevoga-strah-panika-chto-delat-sovety-nevrologa.html,https://neirology.com/blog/trevozhnoe-rasstrojstvo-trevoga-i-stress
Практические советы по снижению тревоги и управлению стрессом: визуальный контент -cyberleninka -youtube -видео -pdf,https://25gdp.by/novosti/stati/791-stress-i-sposoby-ego-preodoleniya,https://fastercapital.com/ru/content/%D0%A3%D0%BF%D1%80%D0%B0%D0%B2%D0%BB%D0%B5%D0%BD%D0%B8%D0%B5-%D1%81%D1%82%D1%80%D0%B5%D1%81%D1%81%D0%BE%D0%BC--%D1%81%D0%BF%D1%80%D0%B0%D0%B2%D0%B8%D1%82%D1%8C%D1%81%D1%8F-%D1%81%D0%BE-%D1%81%D1%82%D1%80%D0%B5%D1%81%D1%81%D0%BE%D0%BC-%D0%B2-%D1%84%D0%BE%D1%80%D0%BC%D0%B5-5--%D1%81%D1%82%D1%80%D0%B0%D1%82%D0%B5%D0%B3%D0%B8%D0%B8-%D0%B4%D0%BB%D1%8F-%D1%81%D1%82%D1%83%D0%B4%D0%B5%D0%BD%D1%82%D0%BE%D0%B2.html
Как влияет искусство на эмоциональное состояние человека? -cyberleninka -youtube -видео -pdf,https://scilead.ru/article/5134-vliyanie-izobrazitelnogo-iskusstva-na-emotsio,https://www.b17.ru/article/369713/
Влияние искусства на психологическое здоровье -cyberleninka -youtube -видео -pdf,https://royalcheese.ru/education/kak-iskusstvo-vliyaet-na-psihicheskoe-zdorove-cheloveka/,https://www.jcmh.org/ru/how-flexing-your-creativity-can-benefit-your-health/
Как развивать лидерские качества? -cyberleninka -youtube -видео -pdf,https://www.wrike.com/ru/blog/devyat-sposobov-razvit-v-sebe-liderskie-kachestva/,https://www.sravni.ru/text/kak-razvit-v-sebe-liderskie-kachestva-chtoby-zarabatyvat-bolshe/
Методы развития лидерских качеств для успешного руководства -cyberleninka -youtube -видео -pdf,https://www.wrike.com/ru/blog/devyat-sposobov-razvit-v-sebe-liderskie-kachestva/,https://medium.com/@tsockol/%D1%80%D0%B0%D0%B7%D0%B2%D0%B8%D1%82%D0%B8%D0%B5-%D0%BB%D0%B8%D0%B4%D0%B5%D1%80%D1%81%D0%BA%D0%B8%D1%85-%D0%BA%D0%B0%D1%87%D0%B5%D1%81%D1%82%D0%B2-%D1%81%D0%BF%D0%BE%D1%81%D0%BE%D0%B1%D1%8B-%D0%BA%D0%BE%D1%82%D0%BE%D1%80%D1%8B%D0%B5-%D0%BF%D0%B5%D1%80%D0%B5%D0%B2%D0%B5%D1%80%D0%BD%D1%83%D1%82-%D0%B2%D0%B0%D1%88%D0%B5-%D1%81%D0%BE%D0%B7%D0%BD%D0%B0%D0%BD%D0%B8%D0%B5-54275c0ccc67
Какое питание улучшает память и концентрацию? -cyberleninka -youtube -видео -pdf,https://sojmarket.ru/blog/pravilnoe-pitanie/pitanie-dlya-uluchsheniya-kontsentratsii-i-pamyati/,https://bcrb.by/novosti/1317-9-produktov-uluchshayushchikh-rabotu-mozga-i-pamyat
Рекомендации по диете для поддержания когнитивных функций -cyberleninka -youtube -видео -pdf,https://skillbox.ru/media/health/mind-diet/,https://me.health.gov.il/ru/older-adult/keep-me-healthy/common-conditions/dementia-and-alzheimer/dementia-prevention/cognitive-diet/
Как создать эффективную команду для работы -cyberleninka -youtube -видео -pdf,https://advertisingforum.ru/blog/kak-sozdat-uspeshnuyu-komandu/,https://atlanty.ru/media/effektivnost-komandnoy-raboty/
Практические советы по формированию и управлению командой -cyberleninka -youtube -видео -pdf,https://assessmentsystemsrussia.ru/blog/articles/podborka-knig-po-upravleniyu-komandami/,https://coachuniver.ru/navyki-upravleniya-komandoj/
Как влияет окружающая среда на здоровье человека? -cyberleninka -youtube -видео -pdf,https://shilovo-med.medgis.ru/materials/view/vliyanie-okruzhayushej-sredy-na-zdorove-cheloveka-2767,http://www.okob.vrn.ru/givi_dolgo/118.htm
Влияние воздействия окружающей среды на физическое и психическое здоровье -cyberleninka -youtube -видео -pdf,https://shilovo-med.medgis.ru/materials/view/vliyanie-okruzhayushej-sredy-na-zdorove-cheloveka-2767,https://krymsk-crb.ru/patients/novosti/113-faktory-vliyayushchie-na-sostoyanie-zdorov-ya-cheloveka
Как развивать навыки общения? -cyberleninka -youtube -видео -pdf,https://rb.ru/story/improve-social/,http://uszn-bor.ru/pamyatki/razvit-naviki-obsheniya/
Методы для улучшения навыков общения -cyberleninka -youtube -видео -pdf,https://rb.ru/story/improve-social/,https://myresume.ru/blog/kak-razvit-kommunikativnye-navyki/
Какие изменения происходят в личности после путешествий? -cyberleninka -youtube -видео -pdf,https://vatandash.ru/articles/psihologiya/2023-10-10/o-polze-puteshestviy-3473653,https://hotelequator.ru/articles/v-chem-plyusy-puteshestviya/
Влияет ли путешествие на формирование личности человека? -cyberleninka -youtube -видео -pdf,https://welcometimes.ru/opinions/puteshestviya-kak-razvitie-lichnosti-pochemu-nuzhno-vyezzhat-iz-goroda,https://amed.clinic/node/1117
Как развивать самодисциплину для достижения своих целей? -cyberleninka -youtube -видео -pdf,https://skillbox.ru/media/growth/self-discipline/,https://ast-academy.ru/blog/razvitie_samodiscipliny_kak_formirovat_privycki_i_dostigat_celej/
Практические советы по развитии самодисциплины и повышению эффективности -cyberleninka -youtube -видео -pdf,https://www.sravni.ru/text/samorazvitie-lichnosti-chto-eto-i-s-chego-nachat/,https://ast-academy.ru/blog/osoznannost_dla_effektivnosti/
Книги для расширения кругозора и поиска вдохновения -cyberleninka -youtube -видео -pdf,https://happymonday.ua/ru/3-knigi-dlja-razvitija-krugozora,https://www.ozon.ru/club/article/bystree-vyshe-silnee-reyiting-knig-po-motivatsii-16304725/
Литература для саморазвития и поиска вдохновения -cyberleninka -youtube -видео -pdf,https://makeright.ru/blog/7-best-books-for-inspiration-and-self-development/,https://www.litres.ru/journal/top-40-luchshikh-vdokhnovliaiushchikh-i-motivatsionnykh-knig/
Какие книги стоит читать для интеллектуального роста? -cyberleninka -youtube -видео -pdf,https://blog.mann-ivanov-ferber.ru/2014/08/04/7-luchshix-knig-dlya-razvitiya-mozga/,https://blog.yakaboo.ua/ru/knygy-dlja-razvitiya-mozga/
Сколько книг нужно читать в год для саморазвития? -cyberleninka -youtube -видео -pdf,http://tananyeva.com/kak-chitat-100-knig-v-god-lichnyj-opyt/,https://www.livelib.ru/articles/post/37716-pochemu-prochtenie-100-knig-v-god-ne-sdelaet-vas-uspeshnym
Топ-5 упражнений для утренней зарядки: видео и фото -cyberleninka -youtube -видео -pdf,https://www.gazeta.ru/science/news/2024/04/14/22784996.shtml,https://ru.pinterest.com/amp/rberngardt/zdrv/
Какие упражнения включены в топ-5 утренних зарядок? #зарядка #утренняязарядка #здоровыйобразжизни #фитнес -cyberleninka -youtube -видео -pdf,https://www.instagram.com/adina.zhumatayeva/,
Как известный спортсмен преодолевал трудности в своей карьере? -cyberleninka -youtube -видео -pdf,https://interfinance.uz/ru/karery-sportsmenov/vzlyoty-i-padeniya-v-sportivnoy-karere-realnye-istorii-uspeha-i-neudach/,https://postnews.ru/a/18984
Уроки успеха от спортсмена: как он достиг вершины несмотря на препятствия? -cyberleninka -youtube -видео -pdf,https://cheremuha.com/2023/10/10/kak-rybinskie-plovcy-dobivayutsya-vysokix-rezultatov.html,https://indvigo.ru/dvizhenievradost/gennadiy-sokolov-est-tolko-odin-sposob-dostich-vershiny-terpet-i-preodolet/
Как правильно обрезать плодовые деревья весной для садоводов -cyberleninka -youtube -видео -pdf,https://aogarden.ru/articles/sad-i-ogorod/obrezka-plodovykh-derevev-vesnoy-skhemy-dlya-nachinayushchikh/,https://www.houzz.ru/statyi/azy-sadovoda-obrezka-derevyev-i-kustarnikov-stsetivw-vs~63052536
Советы по обрезке плодовых деревьев весной для огородников -cyberleninka -youtube -видео -pdf,https://aogarden.ru/articles/sad-i-ogorod/obrezka-plodovykh-derevev-vesnoy-skhemy-dlya-nachinayushchikh/,https://aristosad-crimea.ru/news/news2
Лучшие сорта томатов для открытого грунта в Сибири -cyberleninka -youtube -видео -pdf,https://www.semena-sad.ru/blog/ogorod/top-10-tomatov-dlya-sibiri,https://yasna24.ru/nashi-sovety/sorta-pomidorov-dlya-vyrashchivaniya-v-teplitsakh-v-sibiri
Какие сорта томатов подходят для выращивания в открытом грунте в Сибири? -cyberleninka -youtube -видео -pdf,https://www.semena-sad.ru/blog/ogorod/top-10-tomatov-dlya-sibiri,https://yasna24.ru/nashi-sovety/sorta-pomidorov-dlya-vyrashchivaniya-v-teplitsakh-v-sibiri
Как искусственный интеллект влияет на будущее мировой политики? -cyberleninka -youtube -видео -pdf,https://russiancouncil.ru/blogs/a-volkov/iskusstvennyy-intellekt-i-mezhdunarodnye-otnosheniya-sotsialnye-aspekt/?sphrase_id=141223149,https://www.wipo.int/about-ip/ru/artificial_intelligence/policy.html
Искусственный интеллект: как он изменит политическую сцену в будущем? -cyberleninka -youtube -видео -pdf,https://russiancouncil.ru/blogs/a-volkov/iskusstvennyy-intellekt-i-mezhdunarodnye-otnosheniya-sotsialnye-aspekt/?sphrase_id=133125435,https://rg.ru/2020/11/20/mitio-kaku-iskusstvennyj-intellekt-prevratit-nas-v-volshebnikov.html
Как молодые люди могут влиять на политическую жизнь страны? -cyberleninka -youtube -видео -pdf,https://www.vedomosti.ru/society/articles/2020/04/29/829352-molodezhi-ravnodushni,https://www.vedomosti.ru/politics/articles/2017/07/11/718579-molodie-lyudi-ne-politikov
Можно ли использовать интерактивные форматы для вовлечения молодежи в политику? -cyberleninka -youtube -видео -pdf,https://президентскиегранты.рф/public/application/item?id=274e501a-e491-459c-a233-19fd6048d294,http://www.mediascope.ru/2638
Как использовать анализ больших данных для улучшения бизнес-процессов? -cyberleninka -youtube -видео -pdf,https://wezom.com.ua/blog/kak-pravilnoe-ispolzovanie-big-data-uluchshaet-effektivnost-biznesa,https://networking.camp/useful/advice/big-data
Примеры использования анализа больших данных для оптимизации бизнес-операций -cyberleninka -youtube -видео -pdf,https://networking.camp/useful/advice/big-data,https://habr.com/ru/companies/newprolab/articles/325550/
Тенденции в области аналитики больших данных -cyberleninka -youtube -видео -pdf,https://arenadata.tech/about/blog/7-trendov-v-big-data/,https://sky.pro/media/budushhee-big-data-trendy-i-perspektivy-razvitiya/
Какие технологии используются для аналитики больших данных -cyberleninka -youtube -видео -pdf,https://cloud.vk.com/blog/tekhnologii-big-data-kak-analiziruyut-bolshie-dannye,https://habr.com/ru/companies/otus/articles/659657/
Как социальные сети влияют на формирование общественного мнения? -cyberleninka -youtube -видео -pdf,https://na-journal.ru/7-2023-sociologiya/6085-vliyanie-socialnyh-media-na-formirovanie-obshchestvennogo-mneniya-i-politicheskie-processy,https://fastfine.ru/readyworks/referaty/obshchestvovedenie/socialnye-seti-i-formirovanie-obshchestvennogo-mneniya
Влияние социальных сетей на общественное мнение: как обсудить и поощрить дискуссии? -cyberleninka -youtube -видео -pdf,https://mkomov.com/neuroblog/servisy-i-ploshchadki/kak-sotsialnye-seti-vliyayut-na-mir-plyusy-i-minusy/,https://strategy24.ru/rf/news/sovremennye-sotsialnye-seti-i-tsifrovye-platformy
Какие тренды в интернет-рекламе ожидается в ближайшем будущем? -cyberleninka -youtube -видео -pdf,https://outcode.ru/blog/7-trendov-ii-marketinga-v-2024-godu-i-kak-ikh-ispolzovat,https://mastera.academy/trends-trends-trends/
Что предвещает будущее для маркетологов и рекламодателей в интернете? -cyberleninka -youtube -видео -pdf,https://student39.ru/blog/obrazovanie/karernye-perspektivy-v-oblasti-internet-marketinga-kak-stat-vostrebovannym-spetsialistom/,https://outcode.ru/blog/buduschee-cifrovogo-marketinga-ii-i-avtomatizaciya-6-sovetov
Как развить критическое мышление для улучшения анализа информации и принятия решений? -cyberleninka -youtube -видео -pdf,https://lala.lanbook.com/priemy-dlya-razvitiya-kriticheskogo-myshleniya,https://sv-mos.ru/navyik-analiza-i-prinyatiya-obosnovannyix-reshenij.html
Методы и упражнения для развития критического мышления: что нужно знать? #критическоемышление #аналитика #решения -cyberleninka -youtube -видео -pdf,https://lala.lanbook.com/priemy-dlya-razvitiya-kriticheskogo-myshleniya,https://sky.pro/media/kriticheskoe-myshlenie-chto-eto-i-kak-ego-razvivat/
Какие экологические проблемы современного мира и как их можно решить? -cyberleninka -youtube -видео -pdf,https://biosfera92.ru/poleznye-stati/problemy-ekologii-v-sovremennom-mire,https://laboratoria.by/stati/top-15-ekologicheskikh-problem-sovremennosti
#экология #охранаприроды #зеленоебудущее: предложения по устранению экологических проблем -cyberleninka -youtube -видео -pdf,https://journal.sovcombank.ru/esg/ohrana-okruzhayuschei-sredi-chto-ya-mogu-sdelat-dlya-ekologii,http://biotech2030.ru/reshenie-ekologicheskih-problem-mozhet-byt-vygodnym/
Какие техники медитации помогают справляться со стрессом? -cyberleninka -youtube -видео -pdf,https://ставонко.рф/press-tsentr/publikatsii/meditativnye-praktiki-dlya-borby-so-stressom.html,https://www.anahana.com/ru/wellbeing-blog/meditation/how-meditation-helps-with-stress
Что такое медитация и какие её преимущества для здоровья? -cyberleninka -youtube -видео -pdf,https://style.rbc.ru/health/5b5f1af99a7947df85ae9692,https://www.sravni.ru/text/meditacziya/
Как улучшить организованность и продуктивность? -cyberleninka -youtube -видео -pdf,https://www.belnovosti.by/poleznye-sovety/kak-povysit-svoyu-produktivnost-i-organizovannost-top-9-metodov,https://tenchat.ru/media/1918890-kak-uluchshit-svoyu-organizovannost-i-povysit-produktivnost
Практические советы по управлению временем и пространством для повышения эффективности -cyberleninka -youtube -видео -pdf,https://www.unicraft.org/blog/12725/time-management/,https://neiros.ru/blog/development/taym-menedzhment-43-tekhniki-chtoby-zhit-polnotsenno/
Какие продукты следует включить в рацион для здорового питания? -cyberleninka -youtube -видео -pdf,https://food.ru/articles/5144-produkty-dlja-zdorovogo-pitanija,https://www.yamdiet.com/blog/vse-o-zdorovoy-pishche/poleznye-produkty-kotorye-sleduet-vkljuchit-v-racion/
#здоровоепитание #здоровье: Как составить сбалансированный рацион? -cyberleninka -youtube -видео -pdf,https://expert-gepatolog.ru/articles/10-pravil-sbalansirovannogo-ratsiona,https://food.ru/articles/6182-sbalansirovannoe-pitanie
Как развить свой творческий потенциал? -cyberleninka -youtube -видео -pdf,https://www.psychologies.ru/wellbeing/5-sposobov-raskryit-svoy-tvorcheskiy-potentsial/,https://event.ru/trips/7-deystvennyih-sposobov-povyisit-svoy-tvorcheskiy-potentsial/
#творчество #развитие #творческийпотенциал: методы и упражнения -cyberleninka -youtube -видео -pdf,https://e-koncept.ru/2017/570007.htm,https://pedagogika.org/index/prakticheskie_metody_obuchenija_uprazhnenija/0-142
Как цвета влияют на восприятие информации -cyberleninka -youtube -видео -pdf,https://www.lensmaster.ru/articles/kak-tsveta-vliyaut-na-vospriyatie-cheloveka.html,https://rb.asu.ru/content/article/11653
Использование цветов в дизайне и маркетинге: исследования и рекомендации -cyberleninka -youtube -видео -pdf,https://habr.com/ru/companies/click/articles/738006/,https://marketolog.mts.ru/blog/psihologiya-tsveta-v-marketinge-kak-tsvet-vliyaet-na-prodazhi
Как составить бюджет на личные финансы? -cyberleninka -youtube -видео -pdf,https://www.vtb.ru/articles/kak-vesti-lichnyy-byudzhet/,https://www.banki.ru/news/daytheme/?id=10987555
Практические советы по инвестированию и накоплению сбережений для начинающих -cyberleninka -youtube -видео -pdf,https://www.banki.ru/news/daytheme/?id=10965996,https://brokerkf.ru/obuchenie/helpful-information/helpful-articles/pervye_shagi_v_investirovanii_sovety_novichkam/
Как музыка влияет на настроение и работоспособность? Рекомендации по выбору музыки для улучшения качества жизни -cyberleninka -youtube -видео -pdf,https://ipk.bsmu.by/kak-i-pochemu-muzyika-vliyaet-na-effektivnost-trenirovok.html,https://saratov.ecvdo.ru/states/kak-muzyka-vliyaet-na-nashe-nastroenie-i-uchebu
"Влияние музыки на психологическое состояние: исследования и рекомендации для музыкантов, психологов и саморазвивающихся -cyberleninka -youtube -видео -pdf",https://bspu.ru/files/3004,https://nsportal.ru/shkola/muzyka/library/2015/09/23/razvitie-tvorcheskoy-individualnosti-podrostkov-cherez-proektnuyu
Как развить эмоциональный интеллект? -cyberleninka -youtube -видео -pdf,https://ria.ru/20240428/intellekt-1917284371.html,https://eqspb.ru/emocionalnyy-intellekt/razvitie-emotionalnogo-intellekta/
Методы и упражнения для повышения эмоционального интеллекта -cyberleninka -youtube -видео -pdf,https://blog.mann-ivanov-ferber.ru/2023/02/23/6-uprazhnenij-dlya-razvitiya-emocionalnogo-intellekta/,https://happymonday.ua/ru/emocionalnyj-intellekt-7-uprazhnenij-dlya-razvitiya
Как социальные сети влияют на психическое здоровье -cyberleninka -youtube -видео -pdf,https://vc.ru/social/489783-kak-socialnye-seti-vliyayut-na-mentalnoe-zdorove,https://holdyou.net/ru/news/sotsialnykh-merezh
Влияние открытых диалогов в социальных сетях на психологическое благополучие -cyberleninka -youtube -видео -pdf,https://age-info.com/2024/02/%D0%BE%D1%82%D0%BD%D0%BE%D1%88%D0%B5%D0%BD%D0%B8%D0%B5-%D1%81%D0%BE%D0%B2%D1%80%D0%B5%D0%BC%D0%B5%D0%BD%D0%BD%D0%BE%D0%B9-%D1%80%D0%BE%D1%81%D1%81%D0%B8%D0%B9%D1%81%D0%BA%D0%BE%D0%B9-%D0%BC%D0%BE/,http://www.nauteh-journal.ru/files/7fd579ce-4cf6-4249-b165-514fddddd7c3
Как снизить риск эмоционального выгорания -cyberleninka -youtube -видео -pdf,https://huntflow.ru/blog/burn-out/,https://ap-psy.ru/blog/emoczionalnoe-vyigoranie-i-kak-ego-preodolet.html
Методы борьбы с усталостью и потерей интереса к работе -cyberleninka -youtube -видео -pdf,http://pndnbr.ru/personal/stati/ustalost-i-eye-provyaleniya.php,https://cdz-alter.ru/diagnoses/psihologiya-2/
Какие виды спорта улучшают работу мозга? -cyberleninka -youtube -видео -pdf,https://www.sportmaster.ru/media/articles/kakie-vidy-sporta-polezny-dlya-mozga/,https://abakan.ru/index.php/chto-proiskhodit/kul-tura/item/12906-kakie-vidy-sporta-polezny-dlya-mozga
Польза спорта для здоровья мозга: какие примеры? -cyberleninka -youtube -видео -pdf,https://www.sportmaster.ru/media/articles/kakie-vidy-sporta-polezny-dlya-mozga/,http://centrpro.omskzdrav.ru/index.php/en/homei/80-icetheme/sample-news/1858-2020-08-31-10-39-22
Как развить эмпатию? Практики для улучшения коммуникативных навыков -cyberleninka -youtube -видео -pdf,https://exponentialcoachingacademy.com/blog/kak-ispolzovat-empatiyu-i-kommunikaciyu-dlya-dostizheniya-celej,https://sky.pro/media/kak-razvit-kommunikativnye-navyki-dlya-uspeha/
Эмпатия: Как научиться лучше понимать других людей и улучшить свои навыки общения -cyberleninka -youtube -видео -pdf,https://style.rbc.ru/health/5f8dc8439a7947bb36bf1109,https://netology.ru/blog/08-2023-empathy
Как музыка влияет на память и когнитивные функции? -cyberleninka -youtube -видео -pdf,https://indierockschool.ru/news/vliyanie-muzyki-na-cheloveka/,https://nauka.tass.ru/nauka/19843999
"Какие научные исследования подтверждают, что музыка улучшает память? -cyberleninka -youtube -видео -pdf",https://vk.com/@polytechmuseum-kak-muzyka-vliyaet-na-nash-mozg,https://nsportal.ru/nachalnaya-shkola/obshchepedagogicheskie-tekhnologii/2019/11/25/vliyanie-muzyki-na-pamyat-cheloveka
Как построить гармоничные отношения -cyberleninka -youtube -видео -pdf,https://www.psychologies.ru/articles/tri-glavnykh-usloviya-dlya-sozdaniya-garmonichnykh-otnoshenii/,https://www.grazia.ru/lifestyle/sovetuet-psiholog-4-vazhnyh-shaga-kotorye-pomogut-obresti-schastlivye-otnosheniya-s-muzhchinoy/
Советы для создания крепких отношений -cyberleninka -youtube -видео -pdf,https://www.mentoday.ru/man-and-woman/relationships/10-glavnyh-sovetov-tem-kto-hochet-sozdat-po-nastoyashchemu-krepkie-i-schastlivye-otnosheniya/,https://ast-academy.ru/blog/kak_postroit_krepkij_i_scastlivyj_souz/
Как стресс влияет на физическое здоровье? -cyberleninka -youtube -видео -pdf,https://bsmp.medgis.ru/stress,https://mcmedline.ru/stress-i-ego-vliyanie-na-organizm-zabottes-o-svoem-psixicheskom-i-fizicheskom-zdorove/
Влияние стресса на психическое здоровье -cyberleninka -youtube -видео -pdf,https://mcmedline.ru/stress-i-ego-vliyanie-na-organizm-zabottes-o-svoem-psixicheskom-i-fizicheskom-zdorove/,https://www.10gkb.by/informatsiya/stati/stress-i-ego-posledstviya-dlya-psikhicheskogo-zdorovya
Как развить креативность и мыслить нестандартно? -cyberleninka -youtube -видео -pdf,https://style.rbc.ru/health/5c34bf629a7947c6fce1afdd,https://rb.ru/opinion/kreativ-v-kazhdom/
Методы и упражнения для развития креативности: что работает? -cyberleninka -youtube -видео -pdf,https://www.uplab.ru/blog/how-to-think-creatively/,https://www.insales.ru/blogs/university/kak-pridumyvat-nestandartnye-biznes-idei
Какие технологии используются для улучшения качества образования? -cyberleninka -youtube -видео -pdf,https://kp-muk1.edu.yar.ru/metodicheskie_rekomendatsii/sovremennie_pedagogicheskie_tehnologii.html,https://www.informio.ru/publications/id6907/Sovremennye-tehnologii-obuchenija-kak-sredstvo-povyshenija-kachestva-obrazovanija
Влияние цифровых технологий на доступность образования: какие изменения произошли? -cyberleninka -youtube -видео -pdf,https://rostbk.com/o-kompanii/stati/novye-tehnologii-v-sisteme-obrazovaniya/,https://www.ppfsvfu.ru/jour/article/download/240/229
Какие методы помогают справиться с тревогой и стрессом? -cyberleninka -youtube -видео -pdf,https://gorzdrav.org/blog/kak-borotsja-so-stressom/,https://medsi.ru/articles/kak-spravitsya-s-trevogoy-i-bespokoystvom/
Практические советы для снижения тревоги и управления стрессом -cyberleninka -youtube -видео -pdf,https://www.mos.ru/news/item/72745073/,https://gorzdrav.org/blog/kak-borotsja-so-stressom/
Как искусство влияет на эмоциональное состояние человека? -cyberleninka -youtube -видео -pdf,https://scilead.ru/article/5134-vliyanie-izobrazitelnogo-iskusstva-na-emotsio,https://www.gazeta.ru/science/news/2023/03/29/20083771.shtml
Влияние искусства на психологическое благополучие -cyberleninka -youtube -видео -pdf,https://vk.com/@egoschool-kak-iskusstvo-vliyaet-na-psihicheskoe-blagopoluchie,https://yandex.ru/q/question/kak_iskusstvo_vliiaet_na_cheloveka_8f490dec/
Как развить лидерские качества? -cyberleninka -youtube -видео -pdf,https://www.wrike.com/ru/blog/devyat-sposobov-razvit-v-sebe-liderskie-kachestva/,https://www.sravni.ru/text/kak-razvit-v-sebe-liderskie-kachestva-chtoby-zarabatyvat-bolshe/
Методы развития лидерских качеств для начинающих -cyberleninka -youtube -видео -pdf,https://www.wrike.com/ru/blog/devyat-sposobov-razvit-v-sebe-liderskie-kachestva/,https://gershanovich.ru/blog/effektivnye-uprazhneniya-dlya-razvitiya-liderskih-kachestv
Какие продукты способствуют улучшению памяти и концентрации? -cyberleninka -youtube -видео -pdf,https://bcrb.by/novosti/1317-9-produktov-uluchshayushchikh-rabotu-mozga-i-pamyat,https://style.rbc.ru/health/5c3da61e9a79470129012e2d
Что нужно есть для поддержания когнитивных функций? -cyberleninka -youtube -видео -pdf,https://vkusvill.ru/media/journal/chto-est-chtoby-stat-umnee-i-byvayut-li-produkty-dlya-mozga.html,https://77.rospotrebnadzor.ru/index.php/press-centr/186-press-centr/9718-top-5-produktov-dlya-mozga
Как создать эффективную команду для работы -cyberleninka -youtube -видео -pdf,https://advertisingforum.ru/blog/kak-sozdat-uspeshnuyu-komandu/,https://atlanty.ru/media/effektivnost-komandnoy-raboty/
Практические советы по формированию и управлению командой -cyberleninka -youtube -видео -pdf,https://assessmentsystemsrussia.ru/blog/articles/podborka-knig-po-upravleniyu-komandami/,https://coachuniver.ru/navyki-upravleniya-komandoj/
Как окружающая среда влияет на моё физическое и психическое здоровье? -cyberleninka -youtube -видео -pdf,https://shilovo-med.medgis.ru/materials/view/vliyanie-okruzhayushej-sredy-na-zdorove-cheloveka-2767,http://www.okob.vrn.ru/givi_dolgo/118.htm
Влияние загрязнения окружающей среды на здоровье человека -cyberleninka -youtube -видео -pdf,https://shilovo-med.medgis.ru/materials/view/vliyanie-okruzhayushej-sredy-na-zdorove-cheloveka-2767,http://crblen.ru/dlya-pacientov/meditsinskaya-profilaktika/439-vliyanie-zagryazneniya-vody-i-vozdukha-na-zdorove-cheloveka
Как развить навыки общения? -cyberleninka -youtube -видео -pdf,https://rb.ru/story/improve-social/,http://uszn-bor.ru/pamyatki/razvit-naviki-obsheniya/
Методы для улучшения коммуникативных навыков -cyberleninka -youtube -видео -pdf,https://myresume.ru/blog/kak-razvit-kommunikativnye-navyki/,https://sky.pro/media/kak-razvit-kommunikativnye-navyki-dlya-uspeha/
Как путешествия влияют на личность? -cyberleninka -youtube -видео -pdf,https://welcometimes.ru/opinions/puteshestviya-kak-razvitie-lichnosti-pochemu-nuzhno-vyezzhat-iz-goroda,https://today.travel/blog/blogs/kak-vliyaut-puteshestviya-na-zhizn-cheloveka
Путешествия: как они меняют нас? -cyberleninka -youtube -видео -pdf,https://inform-ua.info/travel/1593681959-puteshestvyya-menyayut-lyudey-v-luchshuyu-storonu-y-pomogayut-nayty-sebya,https://www.tutu.ru/geo/journal/raznoe/article/pochemu-my-puteshestvuem-otvechayut-uchyonye/
Как развить самодисциплину для достижения целей? -cyberleninka -youtube -видео -pdf,https://skillbox.ru/media/growth/self-discipline/,https://ast-academy.ru/blog/razvitie_samodiscipliny_kak_formirovat_privycki_i_dostigat_celej/
Практические советы для повышения уровня самодисциплины -cyberleninka -youtube -видео -pdf,https://kedu.ru/press-center/articles/info-kak-razvit-i-ukrepit-samodistsiplinu-i-silu-voli-tekhniki-i-samokontrol/,https://vk.com/@milovidovblog-den-20-kak-opredelit-uroven-svoei-samodiscipliny